ID,Name,Element,Damage,Block,Heal,Draw,Buffs,Debuffs,Keywords,Target,Splash,Rarity,Flavor
1,Snake Oil,"Water,Stone",0,0,3,0,,,Utility,self,0,Common,"A bottle of something that works. Probably."
2,Smoke Screen,"Water,Wind",0,4,0,0,,,Defend,self,0,Common,"Now you see nothing. That is the point."
3,Flashbang,"Fire,Water",2,0,0,0,,Bleeding,"Damage,Status",enemy,0,Common,"Deaf, blind, and bleeding."
4,Quickdraw,"Wind,Stone",0,1,0,1,,,Utility,self,0,Uncommon,"Fastest hands on the block."
5,Cold Snap,"Water,Wind",2,0,0,0,,Freeze,"Damage,Status",enemy,0,Common,"The block holds its breath."
6,Kindle,"Fire,Water",0,0,0,0,Lit,,"Status,Support",self,0,Uncommon,"Get the crew lit. Literally."
7,Iron Skin,"Water,Stone",0,0,0,0,Hard,,"Defend,Status",self,0,Uncommon,"Stone-cold and stone-hard."
8,Second Wind,"Wind,Water",0,0,0,0,Regen,,"Utility,Support",self,0,Rare,"You get back up. Poorly, but up."
9,Burn Card,"Fire,Stone",2,0,0,0,,Burn,"Damage,Status",enemy,0,Common,"Receipts. But on fire. And aimed at you."
10,Firebrand,"Fire,Water,Stone",4,0,0,0,,,"Damage,Fire",enemy,0,Common,"A brick of flame and grit."
11,Stormfront,"Water,Wind,Stone",4,2,0,0,,,Damage,enemy,0,Common,"The weather is on your side for once."
12,Ward Wall,"Water,Stone,Wind",0,5,0,0,,,Defend,self,0,Uncommon,"A wall you weren't expecting to hit."
13,Blackout,"Fire,Water,Wind",2,0,0,0,,Cuffed,"Damage,Status",enemy,0,Uncommon,"The lights go out. So does the plan."
14,Heavy Hitter,"Stone,Fire,Water",4,0,0,0,,,Damage,enemy,0,Common,"Doesn't ask questions. Swings anyway."
15,Blood Pact,"Wind,Stone,Fire",4,0,0,0,,Bleeding,"Damage,Status",enemy,0,Rare,"Everything has a price. You pay in yours."
16,Cataclysm,"Fire,Water,Stone,Wind",6,0,0,0,,Burn,"Damage,AoE",enemy,2,Mythic,"The whole corner comes down."
17,Dead Mans Switch,"Fire,Wind,Water,Stone",6,0,0,0,,,Damage,enemy,0,Rare,"If I go, so do you. That's the deal."
18,Scorched Earth,"Fire,Stone,Water,Wind",4,0,0,0,,,"Damage,AoE",all,0,Rare,"Leave nothing standing that isn't yours."
19,The Big Favour,"Water,Stone,Wind,Fire",3,0,4,0,,,"Damage,Utility",enemy,0,Rare,"A favour you didn't ask for."
